{"initial_reset_timestamp": 1523874639.52596, "timestamps": [1523874649.2493289], "episode_lengths": [161], "episode_rewards": [-47.5960912052119], "episode_types": ["t", "t"]}