{"initial_reset_timestamp": 1523972915.656049, "timestamps": [1523972967.402642], "episode_lengths": [933], "episode_rewards": [906.6999999999824], "episode_types": ["t", "t"]}